id,type,tier,name,scope,url
"J01","journal","核心","Computers & Education","教育科技介入、學習成效、K-12實證","https://www.sciencedirect.com/journal/computers-and-education"
"J02","journal","核心","Computers & Education: Artificial Intelligence","AI教學、生成式AI、智能輔導","https://www.sciencedirect.com/journal/computers-and-education-artificial-intelligence"
"J03","journal","核心","International Journal of Artificial Intelligence in Education","AIED、模型、學生與教師AI互動","https://link.springer.com/journal/40593"
"J04","journal","核心","British Journal of Educational Technology","教師、學習科技與實證教學","https://bera-journals.onlinelibrary.wiley.com/journal/14678535"
"J05","journal","核心","Education and Information Technologies","AI素養、校園科技、教師與學生","https://link.springer.com/journal/10639"
"J06","journal","核心","Journal of Computer Assisted Learning","人機互動、學習科學、科技增能","https://onlinelibrary.wiley.com/journal/13652729"
"J07","journal","核心","Educational Technology Research and Development","教育科技研究、設計及評估","https://link.springer.com/journal/11423"
"J08","journal","核心","Journal of Research on Technology in Education","K-12教學現場、科技採用","https://www.tandfonline.com/journals/ujrt20"
"J09","journal","核心","Technology, Knowledge and Learning","AI素養、知識建構與數位認知","https://link.springer.com/journal/10758"
"J10","journal","核心","Computers in Human Behavior","AI依賴、能動性、批判思考","https://www.sciencedirect.com/journal/computers-in-human-behavior"
"J11","journal","核心","Computers in Human Behavior Reports","人機互動、生成式AI學習行為","https://www.sciencedirect.com/journal/computers-in-human-behavior-reports"
"J12","journal","核心","Journal of Learning Analytics","AI學習過程、學習證據、LA","https://learning-analytics.info/"
"J13","journal","核心","Computer Science Education","K-12運算思維、AI教育、教師","https://www.tandfonline.com/journals/ncse20"
"J14","journal","核心","ACM Transactions on Computing Education","運算／AI教育與課程評量","https://dl.acm.org/journal/toce"
"J15","journal","擴充","Learning and Instruction","認知負荷、鷹架、自主學習","https://www.sciencedirect.com/journal/learning-and-instruction"
"J16","journal","擴充","Journal of the Learning Sciences","學習機制、協作、能動性","https://www.tandfonline.com/journals/hlns20"
"J17","journal","擴充","Educational Research Review","系統性回顧、統合分析","https://www.sciencedirect.com/journal/educational-research-review"
"J18","journal","擴充","Review of Educational Research","教育證據統整、研究品質","https://journals.sagepub.com/home/rer"
"J19","journal","擴充","Educational Researcher","教育政策、教育研究議程","https://journals.sagepub.com/home/edr"
"J20","journal","擴充","Teaching and Teacher Education","教師專業與信念、培訓評估","https://www.sciencedirect.com/journal/teaching-and-teacher-education"
"J21","journal","擴充","Journal of Teacher Education","教師教育與AI素養準備","https://journals.sagepub.com/home/jte"
"J22","journal","擴充","Assessment in Education: Principles, Policy & Practice","評量真實性、AI時代學習證據","https://www.tandfonline.com/journals/caie20"
"J23","journal","擴充","Studies in Educational Evaluation","量表驗證、評量與因果解讀","https://www.sciencedirect.com/journal/studies-in-educational-evaluation"
"J24","journal","擴充","AI & Society","人本AI、治理、教育倫理","https://link.springer.com/journal/146"
"J25","journal","擴充","European Educational Research Journal","AI政策文本、教育制度與批判研究","https://journals.sagepub.com/home/eer"
"J26","journal","擴充","Learning, Media and Technology","平台化、AI與兒少資料","https://www.tandfonline.com/journals/cjem20"
"J27","journal","背景","IEEE Transactions on Learning Technologies","智能學習系統、技術效能","https://ieeexplore.ieee.org/xpl/RecentIssue.jsp?punumber=4620076"
"J28","journal","背景","IEEE Transactions on Education","工程與資訊教育（注意學段）","https://ieeexplore.ieee.org/xpl/RecentIssue.jsp?punumber=13"
"J29","journal","背景","Frontiers in Education","教育創新、AI素養、教師","https://www.frontiersin.org/journals/education"
"J30","journal","背景","International Review of Research in Open and Distributed Learning","數位公平、線上教育與AI","https://www.irrodl.org/"
"C01","conference","核心","AIED — International Conference on Artificial Intelligence in Education","AI輔助學習、人機協同、教師、倫理","https://www.aied-conference.org/2026"
"C02","conference","核心","EDM — International Conference on Educational Data Mining","學習證據、模型、公平、評估","https://educationaldatamining.org/conferences/"
"C03","conference","核心","LAK — International Conference on Learning Analytics & Knowledge","學習歷程、分析、AI與評量","https://www.solaresearch.org/publications/conference-proceedings/"
"C04","conference","核心","ICLS — International Conference of the Learning Sciences","認知、鷹架、能動性、設計研究","https://repository.isls.org/"
"C05","conference","核心","CSCL — International Conference on Computer-Supported Collaborative Learning","學生協作、AI協同與學習互動","https://repository.isls.org/"
"C06","conference","核心","SIGCSE TS — ACM Technical Symposium on Computer Science Education","K-12運算／AI教育、教師實務","https://sigcse.org/about/update.html"
"C07","conference","核心","ITiCSE — ACM Conference on Innovation and Technology in Computer Science Education","運算與AI教育、課程設計","https://www.sigcse.org/events/iticse/"
"C08","conference","核心","ICER — ACM International Computing Education Research","運算／AI教育研究方法與評量","https://sigcse.org/events/icer/conferences.html"
"C09","conference","核心","SITE — Society for Information Technology and Teacher Education Conference","教師AI素養、專業發展","https://site.aace.org/conf/"
"C10","conference","擴充","EC-TEL — European Conference on Technology Enhanced Learning","教學科技、設計、學習分析","https://ea-tel.eu/"
"C11","conference","擴充","ICCE — International Conference on Computers in Education","亞太K-12教育科技、AI素養","https://apsce.net/"
"C12","conference","擴充","L@S — ACM Learning at Scale","AI教學介入、學習規模化","https://learningatscale.acm.org/"
"C13","conference","擴充","CHI — ACM CHI Conference on Human Factors in Computing Systems","兒少與教師人機互動、UX","https://chi.acm.org/"
"C14","conference","擴充","IDC — ACM Interaction Design and Children","兒少AI、設計、學段適切","https://idc.acm.org/"
"C15","conference","擴充","FAccT — ACM Conference on Fairness, Accountability, and Transparency","教育AI公平、問責、資料治理","https://facctconference.org/"
"C16","conference","擴充","CSCW — ACM Conference on Computer-Supported Cooperative Work","人機協作、教師工作流程","https://cscw.acm.org/"
"C17","conference","擴充","AERA Annual Meeting — American Educational Research Association Annual Meeting","教育政策、測量、教師、K-12學習","https://www.aera.net/Events-Meetings/Annual-Meeting"
"C18","conference","背景","ICALT — IEEE International Conference on Advanced Learning Technologies","AI技術、教育應用","https://tc.computer.org/tclt/"
"C20","conference","背景","SITE Interactive — Online Society for Information Technology and Teacher Education","教師培力與新工具早期應用","https://aace.org/conf/site-interactive/"