record_id,work_group_id,record_type,title,primary_url,doi,first_published_on,date_precision,year_value,year_basis,verification_status,source_candidate_id,discovered_on
"KB-2026-0001","","source_document","Nature AI Detectives: An Outdoor AI Literacy Adventure","https://arboretum.psu.edu/events/nature-ai-detectives-an-outdoor-ai-literacy-adventure-2/","","","unknown","","unknown","discovered_unverified","W2026-10-09-A01","2026-10-09"
"KB-2026-0002","","source_document","Webinar on AI Literacy and Safeguarding Students' Cyber Security - Secondary Schools (New)","https://www.edb.gov.hk/en/edu-system/primary-secondary/applicable-to-primary-secondary/it-in-edu/AI_literacy_Sec.html","","","unknown","","unknown","discovered_unverified","W2026-10-09-A02","2026-10-09"
"KB-2026-0003","","source_document","Digital Education AI in Education Series - AI+Subjects: Leveraging Generative AI to Enhance Learning and Teaching for Primary English Language (Basic Level)","https://www.edb.gov.hk/en/edu-system/primary-secondary/applicable-to-primary-secondary/it-in-edu/AI_Subjects_Pri.html","","","unknown","","unknown","discovered_unverified","W2026-10-09-A03","2026-10-09"
"KB-2026-0004","","source_document","Digital Transformation and Green Skills in TVET: Building Pedagogical Capacity – Africa Regional Series","https://iite.unesco.org/announcements/digital-transformation-and-green-skills-in-tvet-building-pedagogical-capacity-africa-regional-series/","","","unknown","","unknown","discovered_unverified","W2026-10-09-A04","2026-10-09"
"KB-2026-0005","","journal_article","Teachers’ Perceptions of Generative Artificial Intelligence in Early Childhood and Primary Education: Barriers, Ethical Concerns, and Perceived Impacts","https://www.mdpi.com/2076-3417/16/19/9907","","","unknown","","unknown","discovered_unverified","W2026-10-09-A05","2026-10-09"
"KB-2026-0006","","source_document","Online panel: Equity & Diversity in the Context of Critical AI Literacy","https://www.oise.utoronto.ca/about/events/10-09-26-online-panel-equity-diversity-context-critical-ai-literacy","","","unknown","","unknown","discovered_unverified","W2026-10-09-A06","2026-10-09"
"KB-2026-0007","","source_document","UNESCO calls for pairing school screen regulation in Mexico with digital literacy and continuous monitoring","https://www.unesco.org/en/articles/unesco-calls-pairing-school-screen-regulation-mexico-digital-literacy-and-continuous-monitoring","","","unknown","","unknown","discovered_unverified","W2026-10-09-A07","2026-10-09"
"KB-2026-0008","","journal_article","The Effects of K-12 Artificial Intelligence Education in Enhancing AI Literacy: A Meta-Analysis","https://onlinelibrary.wiley.com/doi/10.1002/jcal.70308","10.1002/jcal.70308","","unknown","","unknown","discovered_unverified","W2026-10-09-A08","2026-10-09"
"KB-2026-0009","","journal_article","Measuring Acceptance of Age-Tiered AI Literacy Guidebooks: A Developmentally Informed Study of K-12 Students and Teachers","https://www.sciencedirect.com/science/article/pii/S2666920X26001232","10.1016/j.caeai.2026.100661","","unknown","","unknown","discovered_unverified","W2026-10-09-A09","2026-10-09"
"KB-2024-0001","","framework","AI competency framework for teachers","https://www.unesco.org/en/articles/ai-competency-framework-teachers","","2024-08-08","day","2024","first_publication","bibliographic_checked","","2026-10-09"
"KB-2024-0002","","framework","AI competency framework for students","https://www.unesco.org/en/articles/ai-competency-framework-students","","2024-08-08","day","2024","first_publication","bibliographic_checked","","2026-10-09"
"KB-2026-0010","","framework","Empowering Learners for the Age of AI: An AI Literacy Framework for Primary and Secondary Education","https://www.oecd.org/en/publications/empowering-learners-for-the-age-of-ai_65cd27d4-en.html","10.1787/65cd27d4-en","2026-06-18","day","2026","first_publication","bibliographic_checked","","2026-10-09"
"KB-2023-0001","","framework","The Australian Framework for Generative Artificial Intelligence (AI) in Schools","https://www.education.gov.au/schooling/announcements/australian-framework-generative-artificial-intelligence-ai-schools","","2023-12-01","day","2023","first_publication","bibliographic_checked","","2026-10-09"
"KB-2025-0001","","policy_review","2024 Review of the Australian Framework for Generative Artificial Intelligence in Schools","https://www.education.gov.au/schooling/announcements/2024-review-australian-framework-generative-artificial-intelligence-schools","","2025-06-17","day","2025","first_publication","bibliographic_checked","","2026-10-09"
"KB-2025-0002","","journal_article","Fostering Transversal Skills Through Open Schooling Supported by the CARE-KNOW-DO Pedagogical Model and the UNESCO AI Competencies Framework","https://link.springer.com/article/10.1007/s40593-025-00458-w","10.1007/s40593-025-00458-w","2025-03-05","day","2025","first_publication","bibliographic_checked","","2026-10-09"
"KB-2025-0003","","journal_article","A Case Study of Integrating AI Literacy Education in a Biology Class","https://link.springer.com/article/10.1007/s40593-025-00476-8","10.1007/s40593-025-00476-8","2025-04-07","day","2025","first_publication","bibliographic_checked","","2026-10-09"
"KB-2026-0011","","journal_article","Cultivating AI literacy among high school students through generative AI as a collaborative partner","https://link.springer.com/article/10.1007/s44217-026-02092-7","10.1007/s44217-026-02092-7","2026-08-29","day","2026","first_publication","bibliographic_checked","","2026-10-09"
"KB-2026-0012","","conference_paper","Do All Roads Lead to AI Literacy? Clustering Behavioral Patterns and Examining Outcomes in an Online AI Literacy Module for Secondary School Students","https://doi.org/10.1145/3785022.3785043","10.1145/3785022.3785043","2026-04-26","day","2026","first_publication","bibliographic_checked","","2026-10-09"
"KB-2026-0013","","conference_paper","How to Assess AI Literacy: Misalignment Between Self-Reported and Objective-Based Measures","https://doi.org/10.1145/3785022.3785088","10.1145/3785022.3785088","2026-04-26","day","2026","first_publication","bibliographic_checked","","2026-10-09"
"KB-2024-0003","","official_guidance","Guideline for the Use of Generative AI in Primary and Secondary Education (Ver.2.0)","https://www.mext.go.jp/zyoukatsu/ai/index.html","","2024-12-26","day","2024","first_publication","bibliographic_checked","","2026-10-09"
"KB-2024-0004","","government_announcement","AI Digital Textbooks for 2025 to Realize Personalized Education for All","https://english.moe.go.kr/boardCnts/viewRenewal.do?boardID=265&boardSeq=102075&lev=0&m=0201&opType=N&page=1&s=english","","2024-11-29","day","2024","first_publication","bibliographic_checked","","2026-10-09"
"KB-2023-0002","","official_guidance","Generative artificial intelligence (AI) in education","https://www.gov.uk/government/publications/generative-artificial-intelligence-in-education","","2023-03-29","day","2023","first_publication","bibliographic_checked","","2026-10-09"
"KB-2026-0014","","journal_article","Exploring AI literacy, reliance, and ethical practices of secondary level students in using generative AI","https://link.springer.com/article/10.1007/s44217-026-01890-3","10.1007/s44217-026-01890-3","2026-07-09","day","2026","first_publication","bibliographic_checked","","2026-10-09"
"KB-2026-0015","","journal_article","Perspectives of secondary school students toward using generative AI as a summative assessment tool of social studies courses in Thailand","https://link.springer.com/article/10.1007/s44217-026-01565-z","10.1007/s44217-026-01565-z","2026-05-05","day","2026","first_publication","bibliographic_checked","","2026-10-09"
"KB-2026-0016","","journal_article","Key elements in student AI literacy development: Insights from psychometric network analyses","https://doi.org/10.1016/j.chbr.2026.101041","10.1016/j.chbr.2026.101041","2026-04-02","day","2026","first_publication","bibliographic_checked","","2026-10-09"
"KB-2025-0004","","journal_article","ReVEAL model and its application to revealing viewpoints on educational approaches to learning about data and AI","https://www.tandfonline.com/doi/abs/10.1080/08993408.2025.2516957","10.1080/08993408.2025.2516957","2025-06-30","day","2025","first_publication","bibliographic_checked","","2026-10-09"
"KB-2025-0005","","journal_article","Barriers to integrating artificial intelligence education: implications from five early adopters in South Korea","https://www.tandfonline.com/doi/abs/10.1080/08993408.2025.2565199","10.1080/08993408.2025.2565199","2025-09-29","day","2025","first_publication","bibliographic_checked","","2026-10-09"
"KB-2026-0017","","journal_article","Using Design Projects to Understand Youths’ Experiences with AI","https://dl.acm.org/doi/10.1145/3816694","10.1145/3816694","2026-05-25","day","2026","first_publication","bibliographic_checked","","2026-10-09"
"KB-2025-0006","","conference_paper","Toward Teacher-Centered AI Design: Exploring the Role of Pedagogical Values and Contextual Factors in K-12 Teachers' Perceptions of Responsible AI","https://repository.isls.org/handle/1/11843","10.22318/cscl2025.817482","","unknown","2025","issue_year","bibliographic_checked","","2026-10-09"
"KB-2025-0007","","conference_paper","Utilizing LLMs to Support Teacher Understanding of AI Literacy","https://repository.isls.org/handle/1/11944","10.22318/cscl2025.107218","","unknown","2025","issue_year","bibliographic_checked","","2026-10-09"
"KB-2025-0008","","conference_paper","AI Literacy in K-12 and Higher Education in the Wake of Generative AI: An Integrative Review","https://dl.acm.org/doi/10.1145/3702652.3744217","10.1145/3702652.3744217","2025-08-02","day","2025","first_publication","bibliographic_checked","","2026-10-09"
"KB-2025-0009","","conference_paper","From Teachers to Students: Evaluating Canvas City as a Path to AI Literacy","https://dl.acm.org/doi/10.1145/3724363.3729069","10.1145/3724363.3729069","","unknown","2025","issue_year","bibliographic_checked","","2026-10-09"
"KB-2026-0018","","journal_article","Leveraging Onto-Epistemic Heterogeneity for “Outward” Exploration: Cultivating Critical AI Awareness in the ELA Classroom","https://www.tandfonline.com/doi/full/10.1080/10508406.2026.2686084","10.1080/10508406.2026.2686084","2026-08-04","day","2026","first_publication","bibliographic_checked","","2026-10-09"
"KB-2025-0010","","journal_article","The AI3 Model: Future Directions for Artificial Intelligence, Assessment Innovation, and Academic Integrity","https://journals.sagepub.com/doi/10.3102/0013189X251385537","10.3102/0013189x251385537","2025-10-30","day","2025","first_publication","bibliographic_checked","","2026-10-09"
"KB-2025-0011","","conference_paper","Teacher Agency in Implementing Automated Writing Evaluation Systems in a Science Classroom: A Focus Group Study","https://link.springer.com/chapter/10.1007/978-3-032-03873-9_13","10.1007/978-3-032-03873-9_13","2025-09-02","day","2025","first_publication","bibliographic_checked","","2026-10-09"
"KB-2025-0012","","conference_paper","Teaching Machine Learning to Senior Primary Students: Evaluating a Course for AI Literacy in a Hong Kong Primary School","https://library.apsce.net/index.php/ICCE/article/view/6011","10.58459/icce.2025.6011","2025-12-01","day","2025","first_publication","bibliographic_checked","","2026-10-09"
"KB-2026-0019","","journal_article","AI literacy interventions in education: A meta-analysis of effects and moderators","https://doi.org/10.1016/j.edurev.2026.100813","10.1016/j.edurev.2026.100813","2026-07-02","day","2026","first_publication","bibliographic_checked","","2026-10-09"
"KB-2025-0013","","conference_paper","Day of AI Australia: Teacher Insights from a Nation-Wide AI Literacy Program for K-12 Students","https://dl.acm.org/doi/10.1145/3641555.3705158","10.1145/3641555.3705158","2025-02-18","day","2025","first_publication","bibliographic_checked","","2026-10-09"
"KB-2025-0014","","journal_article","From Lecture Hall to Homeroom: Co-Designing an AI Elective with Middle School CS Teachers","https://doi.org/10.1007/s40593-024-00449-3","10.1007/s40593-024-00449-3","","unknown","2025","issue_year","discovered_unverified","","2026-10-09"
"KB-2025-0015","","journal_article","Expanding Access To AI Education for Middle School Students and Bridging Gender Gaps with Constructionism-Social Emotional Learning Approach","https://doi.org/10.1007/s40593-025-00527-0","10.1007/s40593-025-00527-0","","unknown","2025","issue_year","discovered_unverified","","2026-10-09"
"KB-2025-0016","","journal_article","Fostering responsible AI literacy: A systematic review of K-12 AI ethics education","https://doi.org/10.1016/j.caeai.2025.100422","10.1016/j.caeai.2025.100422","","unknown","2025","issue_year","discovered_unverified","","2026-10-09"
"KB-2025-0017","","journal_article","AI literacy development in middle school: Profiles and demographic predictors from an ABCE perspective","https://doi.org/10.1016/j.caeai.2025.100480","10.1016/j.caeai.2025.100480","","unknown","2025","issue_year","discovered_unverified","","2026-10-09"
"KB-2025-0018","","journal_article","Why don't teachers teach AI ethics? Understanding teachers' beliefs and intentions in Chinese AI curriculum implementation through the theory of planned behaviour","https://doi.org/10.1016/j.caeai.2025.100518","10.1016/j.caeai.2025.100518","","unknown","2025","issue_year","discovered_unverified","","2026-10-09"
"KB-2025-0019","","journal_article","Epistemic network analysis of in-service teachers’ competency to teach artificial intelligence for secondary education","https://doi.org/10.1016/j.caeai.2025.100520","10.1016/j.caeai.2025.100520","","unknown","2025","issue_year","discovered_unverified","","2026-10-09"
"KB-2026-0020","","journal_article","Design of a science integrated secondary school AI literacy curriculum: A youth & AI expert guided design-based research approach","https://doi.org/10.1016/j.caeai.2026.100552","10.1016/j.caeai.2026.100552","","unknown","2026","issue_year","discovered_unverified","","2026-10-09"
"KB-2026-0021","","journal_article","Potential risks of generative artificial intelligence integration into K-12 education: A scoping review","https://doi.org/10.1016/j.caeai.2026.100561","10.1016/j.caeai.2026.100561","","unknown","2026","issue_year","discovered_unverified","","2026-10-09"
"KB-2026-0022","","journal_article","Pedagogy first, technology second: Cross-level relationships between teacher professional knowledge and student learning in artificial intelligence (AI) education","https://doi.org/10.1016/j.caeai.2026.100564","10.1016/j.caeai.2026.100564","","unknown","2026","issue_year","discovered_unverified","","2026-10-09"
"KB-2026-0023","","journal_article","Enhancing AI literacy course satisfaction through empowerment in AI problem-solving and ethical awareness: Development and validation of an AI project-based learning scale","https://doi.org/10.1016/j.caeai.2026.100624","10.1016/j.caeai.2026.100624","","unknown","2026","issue_year","discovered_unverified","","2026-10-09"
"KB-2026-0024","","journal_article","Fostering machine learning literacy in senior primary education: Evaluating a structured pedagogical course design","https://doi.org/10.1016/j.caeai.2026.100631","10.1016/j.caeai.2026.100631","","unknown","2026","issue_year","discovered_unverified","","2026-10-09"
"KB-2026-0025","","journal_article","Longitudinal relationships between student ethical considerations, behavioral intention, and perceived knowledge in artificial intelligence education","https://doi.org/10.1016/j.compedu.2026.105614","10.1016/j.compedu.2026.105614","","unknown","2026","issue_year","discovered_unverified","","2026-10-09"
"KB-2026-0026","","journal_article","Cheating or not cheating? Rethinking AI-giarism and academic integrity through secondary students’ ethical reasoning","https://doi.org/10.1016/j.compedu.2026.105698","10.1016/j.compedu.2026.105698","","unknown","2026","issue_year","discovered_unverified","","2026-10-09"
"KB-2027-0001","","journal_article","Does school-based AI education narrow readiness gaps? The role of prior agency-related learning","https://doi.org/10.1016/j.compedu.2026.105745","10.1016/j.compedu.2026.105745","","unknown","2027","issue_year","discovered_unverified","","2026-10-09"
"KB-2025-0020","","journal_article","Integrating generative artificial intelligence in K-12 education: Examining teachers’ preparedness, practices, and barriers","https://doi.org/10.1016/j.caeai.2025.100363","10.1016/j.caeai.2025.100363","","unknown","2025","issue_year","discovered_unverified","","2026-10-09"
"KB-2025-0021","","journal_article","K-12 teachers’ ethical competencies for AI literacy: Insights from a systematic literature review","https://doi.org/10.1016/j.compedu.2025.105435","10.1016/j.compedu.2025.105435","","unknown","2025","issue_year","discovered_unverified","","2026-10-09"
