relation_id,subject_id,predicate,object_namespace,object_id,evidence_url,verification_status
"KR-0001","KB-2026-0001","has_category","vocabulary","K6","https://arboretum.psu.edu/events/nature-ai-detectives-an-outdoor-ai-literacy-adventure-2/","discovered_unverified"
"KR-0002","KB-2026-0002","has_category","vocabulary","K4","https://www.edb.gov.hk/en/edu-system/primary-secondary/applicable-to-primary-secondary/it-in-edu/AI_literacy_Sec.html","discovered_unverified"
"KR-0003","KB-2026-0003","has_category","vocabulary","K4","https://www.edb.gov.hk/en/edu-system/primary-secondary/applicable-to-primary-secondary/it-in-edu/AI_Subjects_Pri.html","discovered_unverified"
"KR-0004","KB-2026-0004","has_category","vocabulary","K6","https://iite.unesco.org/announcements/digital-transformation-and-green-skills-in-tvet-building-pedagogical-capacity-africa-regional-series/","discovered_unverified"
"KR-0005","KB-2026-0005","has_category","vocabulary","K2","https://www.mdpi.com/2076-3417/16/19/9907","discovered_unverified"
"KR-0006","KB-2026-0006","has_category","vocabulary","K6","https://www.oise.utoronto.ca/about/events/10-09-26-online-panel-equity-diversity-context-critical-ai-literacy","discovered_unverified"
"KR-0007","KB-2026-0007","has_category","vocabulary","K5","https://www.unesco.org/en/articles/unesco-calls-pairing-school-screen-regulation-mexico-digital-literacy-and-continuous-monitoring","discovered_unverified"
"KR-0008","KB-2026-0008","has_category","vocabulary","K2","https://onlinelibrary.wiley.com/doi/10.1002/jcal.70308","discovered_unverified"
"KR-0009","KB-2026-0009","has_category","vocabulary","K2","https://www.sciencedirect.com/science/article/pii/S2666920X26001232","discovered_unverified"
"KR-0010","KB-2026-0002","issued_by","source","O-HK-EDB","https://www.edb.gov.hk/en/edu-system/primary-secondary/applicable-to-primary-secondary/it-in-edu/AI_literacy_Sec.html","discovered_unverified"
"KR-0011","KB-2026-0003","issued_by","source","O-HK-EDB","https://www.edb.gov.hk/en/edu-system/primary-secondary/applicable-to-primary-secondary/it-in-edu/AI_Subjects_Pri.html","discovered_unverified"
"KR-0012","KB-2026-0007","issued_by","source","O-UNESCO","https://www.unesco.org/en/articles/unesco-calls-pairing-school-screen-regulation-mexico-digital-literacy-and-continuous-monitoring","discovered_unverified"
"KR-0013","KB-2026-0008","published_in","source","J06","https://onlinelibrary.wiley.com/doi/10.1002/jcal.70308","discovered_unverified"
"KR-0014","KB-2026-0009","published_in","source","J02","https://www.sciencedirect.com/science/article/pii/S2666920X26001232","discovered_unverified"
"KR-0015","KB-2024-0001","has_category","vocabulary","K1","https://www.unesco.org/en/articles/ai-competency-framework-teachers","bibliographic_checked"
"KR-0016","KB-2024-0001","has_category","vocabulary","K3","https://www.unesco.org/en/articles/ai-competency-framework-teachers","bibliographic_checked"
"KR-0017","KB-2024-0001","issued_by","source","O-UNESCO","https://www.unesco.org/en/articles/ai-competency-framework-teachers","bibliographic_checked"
"KR-0018","KB-2024-0002","has_category","vocabulary","K1","https://www.unesco.org/en/articles/ai-competency-framework-students","bibliographic_checked"
"KR-0019","KB-2024-0002","has_category","vocabulary","K3","https://www.unesco.org/en/articles/ai-competency-framework-students","bibliographic_checked"
"KR-0020","KB-2024-0002","issued_by","source","O-UNESCO","https://www.unesco.org/en/articles/ai-competency-framework-students","bibliographic_checked"
"KR-0021","KB-2026-0010","has_category","vocabulary","K1","https://www.oecd.org/en/publications/empowering-learners-for-the-age-of-ai_65cd27d4-en.html","bibliographic_checked"
"KR-0022","KB-2026-0010","has_category","vocabulary","K3","https://www.oecd.org/en/publications/empowering-learners-for-the-age-of-ai_65cd27d4-en.html","bibliographic_checked"
"KR-0023","KB-2026-0010","issued_by","source","O-OECD","https://www.oecd.org/en/publications/empowering-learners-for-the-age-of-ai_65cd27d4-en.html","bibliographic_checked"
"KR-0024","KB-2023-0001","has_category","vocabulary","K1","https://www.education.gov.au/schooling/announcements/australian-framework-generative-artificial-intelligence-ai-schools","bibliographic_checked"
"KR-0025","KB-2023-0001","issued_by","source","O-AU-EDU","https://www.education.gov.au/schooling/announcements/australian-framework-generative-artificial-intelligence-ai-schools","bibliographic_checked"
"KR-0026","KB-2023-0001","applies_to_country","vocabulary","AU","https://www.education.gov.au/schooling/announcements/australian-framework-generative-artificial-intelligence-ai-schools","bibliographic_checked"
"KR-0027","KB-2025-0001","has_category","vocabulary","K1","https://www.education.gov.au/schooling/announcements/2024-review-australian-framework-generative-artificial-intelligence-schools","bibliographic_checked"
"KR-0028","KB-2025-0001","issued_by","source","O-AU-EDU","https://www.education.gov.au/schooling/announcements/2024-review-australian-framework-generative-artificial-intelligence-schools","bibliographic_checked"
"KR-0029","KB-2025-0001","reviews","record","KB-2023-0001","https://www.education.gov.au/schooling/announcements/2024-review-australian-framework-generative-artificial-intelligence-schools","bibliographic_checked"
"KR-0030","KB-2025-0001","applies_to_country","vocabulary","AU","https://www.education.gov.au/schooling/announcements/2024-review-australian-framework-generative-artificial-intelligence-schools","bibliographic_checked"
"KR-0031","KB-2025-0002","has_category","vocabulary","K2","https://link.springer.com/article/10.1007/s40593-025-00458-w","bibliographic_checked"
"KR-0032","KB-2025-0002","published_in","source","J03","https://link.springer.com/article/10.1007/s40593-025-00458-w","bibliographic_checked"
"KR-0033","KB-2025-0003","has_category","vocabulary","K2","https://link.springer.com/article/10.1007/s40593-025-00476-8","bibliographic_checked"
"KR-0034","KB-2025-0003","published_in","source","J03","https://link.springer.com/article/10.1007/s40593-025-00476-8","bibliographic_checked"
"KR-0035","KB-2026-0011","has_category","vocabulary","K2","https://link.springer.com/article/10.1007/s44217-026-02092-7","bibliographic_checked"
"KR-0036","KB-2026-0011","published_in","source","J32","https://link.springer.com/article/10.1007/s44217-026-02092-7","bibliographic_checked"
"KR-0037","KB-2025-0002","studies_country","vocabulary","GB","https://link.springer.com/article/10.1007/s40593-025-00458-w","bibliographic_checked"
"KR-0038","KB-2025-0002","studies_country","vocabulary","GR","https://link.springer.com/article/10.1007/s40593-025-00458-w","bibliographic_checked"
"KR-0039","KB-2025-0002","studies_country","vocabulary","BR","https://link.springer.com/article/10.1007/s40593-025-00458-w","bibliographic_checked"
"KR-0040","KB-2026-0012","has_category","vocabulary","K2","https://doi.org/10.1145/3785022.3785043","bibliographic_checked"
"KR-0041","KB-2026-0012","published_in","source","C03","https://doi.org/10.1145/3785022.3785043","bibliographic_checked"
"KR-0042","KB-2026-0013","has_category","vocabulary","K2","https://doi.org/10.1145/3785022.3785088","bibliographic_checked"
"KR-0043","KB-2026-0013","published_in","source","C03","https://doi.org/10.1145/3785022.3785088","bibliographic_checked"
"KR-0044","KB-2026-0013","has_category","vocabulary","K3","https://doi.org/10.1145/3785022.3785088","bibliographic_checked"
"KR-0045","KB-2024-0003","has_category","vocabulary","K1","https://www.mext.go.jp/zyoukatsu/ai/index.html","bibliographic_checked"
"KR-0046","KB-2024-0003","issued_by","source","O-JP-MEXT","https://www.mext.go.jp/zyoukatsu/ai/index.html","bibliographic_checked"
"KR-0047","KB-2024-0003","applies_to_country","vocabulary","JP","https://www.mext.go.jp/zyoukatsu/ai/index.html","bibliographic_checked"
"KR-0048","KB-2024-0004","has_category","vocabulary","K1","https://english.moe.go.kr/boardCnts/viewRenewal.do?boardID=265&boardSeq=102075&lev=0&m=0201&opType=N&page=1&s=english","bibliographic_checked"
"KR-0049","KB-2024-0004","issued_by","source","O-KR-MOE","https://english.moe.go.kr/boardCnts/viewRenewal.do?boardID=265&boardSeq=102075&lev=0&m=0201&opType=N&page=1&s=english","bibliographic_checked"
"KR-0050","KB-2024-0004","applies_to_country","vocabulary","KR","https://english.moe.go.kr/boardCnts/viewRenewal.do?boardID=265&boardSeq=102075&lev=0&m=0201&opType=N&page=1&s=english","bibliographic_checked"
"KR-0051","KB-2023-0002","has_category","vocabulary","K1","https://www.gov.uk/government/publications/generative-artificial-intelligence-in-education","bibliographic_checked"
"KR-0052","KB-2023-0002","issued_by","source","O-UK-DFE","https://www.gov.uk/government/publications/generative-artificial-intelligence-in-education","bibliographic_checked"
"KR-0053","KB-2023-0002","applies_to_country","vocabulary","GB-ENG","https://www.gov.uk/government/publications/generative-artificial-intelligence-in-education","bibliographic_checked"
"KR-0054","KB-2026-0014","has_category","vocabulary","K2","https://link.springer.com/article/10.1007/s44217-026-01890-3","bibliographic_checked"
"KR-0055","KB-2026-0014","published_in","source","J32","https://link.springer.com/article/10.1007/s44217-026-01890-3","bibliographic_checked"
"KR-0056","KB-2026-0015","has_category","vocabulary","K2","https://link.springer.com/article/10.1007/s44217-026-01565-z","bibliographic_checked"
"KR-0057","KB-2026-0015","published_in","source","J32","https://link.springer.com/article/10.1007/s44217-026-01565-z","bibliographic_checked"
"KR-0058","KB-2026-0015","studies_country","vocabulary","TH","https://link.springer.com/article/10.1007/s44217-026-01565-z","bibliographic_checked"
"KR-0059","KB-2026-0016","has_category","vocabulary","K2","https://doi.org/10.1016/j.chbr.2026.101041","bibliographic_checked"
"KR-0060","KB-2026-0016","published_in","source","J11","https://doi.org/10.1016/j.chbr.2026.101041","bibliographic_checked"
"KR-0061","KB-2025-0004","has_category","vocabulary","K2","https://www.tandfonline.com/doi/abs/10.1080/08993408.2025.2516957","bibliographic_checked"
"KR-0062","KB-2025-0004","published_in","source","J13","https://www.tandfonline.com/doi/abs/10.1080/08993408.2025.2516957","bibliographic_checked"
"KR-0063","KB-2025-0005","has_category","vocabulary","K2","https://www.tandfonline.com/doi/abs/10.1080/08993408.2025.2565199","bibliographic_checked"
"KR-0064","KB-2025-0005","published_in","source","J13","https://www.tandfonline.com/doi/abs/10.1080/08993408.2025.2565199","bibliographic_checked"
"KR-0065","KB-2026-0017","has_category","vocabulary","K2","https://dl.acm.org/doi/10.1145/3816694","bibliographic_checked"
"KR-0066","KB-2026-0017","published_in","source","J14","https://dl.acm.org/doi/10.1145/3816694","bibliographic_checked"
"KR-0067","KB-2025-0006","has_category","vocabulary","K2","https://repository.isls.org/handle/1/11843","bibliographic_checked"
"KR-0068","KB-2025-0006","published_in","source","C05","https://repository.isls.org/handle/1/11843","bibliographic_checked"
"KR-0069","KB-2025-0007","has_category","vocabulary","K2","https://repository.isls.org/handle/1/11944","bibliographic_checked"
"KR-0070","KB-2025-0007","published_in","source","C05","https://repository.isls.org/handle/1/11944","bibliographic_checked"
"KR-0071","KB-2025-0008","has_category","vocabulary","K2","https://dl.acm.org/doi/10.1145/3702652.3744217","bibliographic_checked"
"KR-0072","KB-2025-0008","published_in","source","C08","https://dl.acm.org/doi/10.1145/3702652.3744217","bibliographic_checked"
"KR-0073","KB-2025-0009","has_category","vocabulary","K2","https://dl.acm.org/doi/10.1145/3724363.3729069","bibliographic_checked"
"KR-0074","KB-2025-0009","published_in","source","C07","https://dl.acm.org/doi/10.1145/3724363.3729069","bibliographic_checked"
"KR-0075","KB-2026-0018","has_category","vocabulary","K2","https://www.tandfonline.com/doi/full/10.1080/10508406.2026.2686084","bibliographic_checked"
"KR-0076","KB-2026-0018","published_in","source","J16","https://www.tandfonline.com/doi/full/10.1080/10508406.2026.2686084","bibliographic_checked"
"KR-0077","KB-2025-0010","has_category","vocabulary","K2","https://journals.sagepub.com/doi/10.3102/0013189X251385537","bibliographic_checked"
"KR-0078","KB-2025-0010","published_in","source","J19","https://journals.sagepub.com/doi/10.3102/0013189X251385537","bibliographic_checked"
"KR-0079","KB-2025-0011","has_category","vocabulary","K2","https://link.springer.com/chapter/10.1007/978-3-032-03873-9_13","bibliographic_checked"
"KR-0080","KB-2025-0011","published_in","source","C10","https://link.springer.com/chapter/10.1007/978-3-032-03873-9_13","bibliographic_checked"
"KR-0081","KB-2025-0012","has_category","vocabulary","K2","https://library.apsce.net/index.php/ICCE/article/view/6011","bibliographic_checked"
"KR-0082","KB-2025-0012","published_in","source","C11","https://library.apsce.net/index.php/ICCE/article/view/6011","bibliographic_checked"
"KR-0083","KB-2026-0019","has_category","vocabulary","K2","https://doi.org/10.1016/j.edurev.2026.100813","bibliographic_checked"
"KR-0084","KB-2026-0019","published_in","source","J17","https://doi.org/10.1016/j.edurev.2026.100813","bibliographic_checked"
"KR-0085","KB-2025-0013","has_category","vocabulary","K4","https://dl.acm.org/doi/10.1145/3641555.3705158","bibliographic_checked"
"KR-0086","KB-2025-0013","published_in","source","C06","https://dl.acm.org/doi/10.1145/3641555.3705158","bibliographic_checked"
"KR-0087","KB-2025-0013","studies_country","vocabulary","AU","https://dl.acm.org/doi/10.1145/3641555.3705158","bibliographic_checked"
"KR-0088","KB-2025-0014","has_category","vocabulary","K4","https://doi.org/10.1007/s40593-024-00449-3","discovered_unverified"
"KR-0089","KB-2025-0014","published_in","source","J03","https://doi.org/10.1007/s40593-024-00449-3","discovered_unverified"
"KR-0090","KB-2025-0014","studies_country","vocabulary","US","https://doi.org/10.1007/s40593-024-00449-3","discovered_unverified"
"KR-0091","KB-2025-0015","has_category","vocabulary","K2","https://doi.org/10.1007/s40593-025-00527-0","discovered_unverified"
"KR-0092","KB-2025-0015","published_in","source","J03","https://doi.org/10.1007/s40593-025-00527-0","discovered_unverified"
"KR-0093","KB-2025-0015","studies_country","vocabulary","US","https://doi.org/10.1007/s40593-025-00527-0","discovered_unverified"
"KR-0094","KB-2025-0016","has_category","vocabulary","K2","https://doi.org/10.1016/j.caeai.2025.100422","discovered_unverified"
"KR-0095","KB-2025-0016","published_in","source","J02","https://doi.org/10.1016/j.caeai.2025.100422","discovered_unverified"
"KR-0096","KB-2025-0017","has_category","vocabulary","K3","https://doi.org/10.1016/j.caeai.2025.100480","discovered_unverified"
"KR-0097","KB-2025-0017","published_in","source","J02","https://doi.org/10.1016/j.caeai.2025.100480","discovered_unverified"
"KR-0098","KB-2025-0017","studies_country","vocabulary","CN","https://doi.org/10.1016/j.caeai.2025.100480","discovered_unverified"
"KR-0099","KB-2025-0018","has_category","vocabulary","K4","https://doi.org/10.1016/j.caeai.2025.100518","discovered_unverified"
"KR-0100","KB-2025-0018","published_in","source","J02","https://doi.org/10.1016/j.caeai.2025.100518","discovered_unverified"
"KR-0101","KB-2025-0018","studies_country","vocabulary","CN","https://doi.org/10.1016/j.caeai.2025.100518","discovered_unverified"
"KR-0102","KB-2025-0019","has_category","vocabulary","K4","https://doi.org/10.1016/j.caeai.2025.100520","discovered_unverified"
"KR-0103","KB-2025-0019","published_in","source","J02","https://doi.org/10.1016/j.caeai.2025.100520","discovered_unverified"
"KR-0104","KB-2026-0020","has_category","vocabulary","K2","https://doi.org/10.1016/j.caeai.2026.100552","discovered_unverified"
"KR-0105","KB-2026-0020","published_in","source","J02","https://doi.org/10.1016/j.caeai.2026.100552","discovered_unverified"
"KR-0106","KB-2026-0021","has_category","vocabulary","K5","https://doi.org/10.1016/j.caeai.2026.100561","discovered_unverified"
"KR-0107","KB-2026-0021","published_in","source","J02","https://doi.org/10.1016/j.caeai.2026.100561","discovered_unverified"
"KR-0108","KB-2026-0022","has_category","vocabulary","K2","https://doi.org/10.1016/j.caeai.2026.100564","discovered_unverified"
"KR-0109","KB-2026-0022","published_in","source","J02","https://doi.org/10.1016/j.caeai.2026.100564","discovered_unverified"
"KR-0110","KB-2026-0023","has_category","vocabulary","K3","https://doi.org/10.1016/j.caeai.2026.100624","discovered_unverified"
"KR-0111","KB-2026-0023","published_in","source","J02","https://doi.org/10.1016/j.caeai.2026.100624","discovered_unverified"
"KR-0112","KB-2026-0023","studies_country","vocabulary","HK","https://doi.org/10.1016/j.caeai.2026.100624","discovered_unverified"
"KR-0113","KB-2026-0024","has_category","vocabulary","K2","https://doi.org/10.1016/j.caeai.2026.100631","discovered_unverified"
"KR-0114","KB-2026-0024","published_in","source","J02","https://doi.org/10.1016/j.caeai.2026.100631","discovered_unverified"
"KR-0115","KB-2026-0024","studies_country","vocabulary","HK","https://doi.org/10.1016/j.caeai.2026.100631","discovered_unverified"
"KR-0116","KB-2026-0025","has_category","vocabulary","K2","https://doi.org/10.1016/j.compedu.2026.105614","discovered_unverified"
"KR-0117","KB-2026-0025","published_in","source","J01","https://doi.org/10.1016/j.compedu.2026.105614","discovered_unverified"
"KR-0118","KB-2026-0026","has_category","vocabulary","K2","https://doi.org/10.1016/j.compedu.2026.105698","discovered_unverified"
"KR-0119","KB-2026-0026","published_in","source","J01","https://doi.org/10.1016/j.compedu.2026.105698","discovered_unverified"
"KR-0120","KB-2026-0026","studies_country","vocabulary","HK","https://doi.org/10.1016/j.compedu.2026.105698","discovered_unverified"
"KR-0121","KB-2027-0001","has_category","vocabulary","K2","https://doi.org/10.1016/j.compedu.2026.105745","discovered_unverified"
"KR-0122","KB-2027-0001","published_in","source","J01","https://doi.org/10.1016/j.compedu.2026.105745","discovered_unverified"
"KR-0123","KB-2027-0001","studies_country","vocabulary","HK","https://doi.org/10.1016/j.compedu.2026.105745","discovered_unverified"
"KR-0124","KB-2025-0020","has_category","vocabulary","K4","https://doi.org/10.1016/j.caeai.2025.100363","discovered_unverified"
"KR-0125","KB-2025-0020","published_in","source","J02","https://doi.org/10.1016/j.caeai.2025.100363","discovered_unverified"
"KR-0126","KB-2025-0020","studies_country","vocabulary","US","https://doi.org/10.1016/j.caeai.2025.100363","discovered_unverified"
"KR-0127","KB-2025-0022","has_category","vocabulary","K4","https://doi.org/10.1186/s40594-025-00543-5","discovered_unverified"
"KR-0128","KB-2025-0022","published_in","source","J31","https://doi.org/10.1186/s40594-025-00543-5","discovered_unverified"
"KR-0129","KB-2026-0027","has_category","vocabulary","K4","https://doi.org/10.1186/s40594-026-00604-3","discovered_unverified"
"KR-0130","KB-2026-0027","published_in","source","J31","https://doi.org/10.1186/s40594-026-00604-3","discovered_unverified"
"KR-0131","KB-2026-0027","studies_country","vocabulary","HK","https://doi.org/10.1186/s40594-026-00604-3","discovered_unverified"
"KR-0132","KB-2026-0028","has_category","vocabulary","K2","https://doi.org/10.1186/s40594-026-00629-8","discovered_unverified"
"KR-0133","KB-2026-0028","published_in","source","J31","https://doi.org/10.1186/s40594-026-00629-8","discovered_unverified"
"KR-0134","KB-2026-0029","has_category","vocabulary","K5","https://doi.org/10.1186/s40594-026-00637-8","discovered_unverified"
"KR-0135","KB-2026-0029","published_in","source","J31","https://doi.org/10.1186/s40594-026-00637-8","discovered_unverified"
"KR-0136","KB-2026-0029","studies_country","vocabulary","CZ","https://doi.org/10.1186/s40594-026-00637-8","discovered_unverified"
"KR-0137","KB-2025-0023","has_category","vocabulary","K2","https://doi.org/10.1177/07356331251360442","discovered_unverified"
"KR-0138","KB-2025-0023","published_in","source","J36","https://doi.org/10.1177/07356331251360442","discovered_unverified"
"KR-0139","KB-2026-0030","has_category","vocabulary","K3","https://doi.org/10.1177/07356331261487830","discovered_unverified"
"KR-0140","KB-2026-0030","published_in","source","J36","https://doi.org/10.1177/07356331261487830","discovered_unverified"
"KR-0141","KB-2026-0031","has_category","vocabulary","K4","https://doi.org/10.1007/s10956-026-10302-y","discovered_unverified"
"KR-0142","KB-2026-0031","published_in","source","J37","https://doi.org/10.1007/s10956-026-10302-y","discovered_unverified"
"KR-0143","KB-2026-0031","studies_country","vocabulary","US","https://doi.org/10.1007/s10956-026-10302-y","discovered_unverified"
"KR-0144","KB-2025-0024","has_category","vocabulary","K4","https://doi.org/10.1007/978-3-031-99264-3_19","discovered_unverified"
"KR-0145","KB-2025-0024","published_in","source","C01","https://doi.org/10.1007/978-3-031-99264-3_19","discovered_unverified"
"KR-0146","KB-2026-0032","has_category","vocabulary","K2","https://doi.org/10.1007/978-3-032-29763-1_23","discovered_unverified"
"KR-0147","KB-2026-0032","published_in","source","C01","https://doi.org/10.1007/978-3-032-29763-1_23","discovered_unverified"
"KR-0148","KB-2026-0033","has_category","vocabulary","K2","https://doi.org/10.1007/978-3-032-29770-9_56","discovered_unverified"
"KR-0149","KB-2026-0033","published_in","source","C01","https://doi.org/10.1007/978-3-032-29770-9_56","discovered_unverified"
"KR-0150","KB-2026-0034","has_category","vocabulary","K2","https://doi.org/10.1145/3801749.3801755","discovered_unverified"
"KR-0151","KB-2026-0034","published_in","source","C21","https://doi.org/10.1145/3801749.3801755","discovered_unverified"
"KR-0152","KB-2026-0035","has_category","vocabulary","K2","https://doi.org/10.1145/3801749.3801759","discovered_unverified"
"KR-0153","KB-2026-0035","published_in","source","C21","https://doi.org/10.1145/3801749.3801759","discovered_unverified"
"KR-0154","KB-2026-0035","studies_country","vocabulary","DE","https://doi.org/10.1145/3801749.3801759","discovered_unverified"
"KR-0155","KB-2026-0036","has_category","vocabulary","K2","https://doi.org/10.1145/3801749.3801762","discovered_unverified"
"KR-0156","KB-2026-0036","published_in","source","C21","https://doi.org/10.1145/3801749.3801762","discovered_unverified"
"KR-0157","KB-2026-0037","has_category","vocabulary","K4","https://doi.org/10.1145/3801749.3801767","discovered_unverified"
"KR-0158","KB-2026-0037","published_in","source","C21","https://doi.org/10.1145/3801749.3801767","discovered_unverified"
"KR-0159","KB-2026-0037","studies_country","vocabulary","US","https://doi.org/10.1145/3801749.3801767","discovered_unverified"
"KR-0160","KB-2026-0038","has_category","vocabulary","K2","https://doi.org/10.1145/3801749.3801788","discovered_unverified"
"KR-0161","KB-2026-0038","published_in","source","C21","https://doi.org/10.1145/3801749.3801788","discovered_unverified"
"KR-0162","KB-2025-0025","has_category","vocabulary","K2","https://doi.org/10.1609/aaai.v39i28.35181","discovered_unverified"
"KR-0163","KB-2025-0025","published_in","source","C22","https://doi.org/10.1609/aaai.v39i28.35181","discovered_unverified"
"KR-0164","KB-2025-0026","has_category","vocabulary","K4","https://doi.org/10.1609/aaai.v39i28.35183","discovered_unverified"
"KR-0165","KB-2025-0026","published_in","source","C22","https://doi.org/10.1609/aaai.v39i28.35183","discovered_unverified"
"KR-0166","KB-2025-0027","has_category","vocabulary","K2","https://doi.org/10.1609/aaai.v39i28.35185","discovered_unverified"
"KR-0167","KB-2025-0027","published_in","source","C22","https://doi.org/10.1609/aaai.v39i28.35185","discovered_unverified"
"KR-0168","KB-2025-0028","has_category","vocabulary","K4","https://doi.org/10.1609/aaai.v39i28.35186","discovered_unverified"
"KR-0169","KB-2025-0028","published_in","source","C22","https://doi.org/10.1609/aaai.v39i28.35186","discovered_unverified"
"KR-0170","KB-2025-0029","has_category","vocabulary","K2","https://doi.org/10.1609/aaai.v39i28.35188","discovered_unverified"
"KR-0171","KB-2025-0029","published_in","source","C22","https://doi.org/10.1609/aaai.v39i28.35188","discovered_unverified"
"KR-0172","KB-2025-0030","has_category","vocabulary","K2","https://doi.org/10.1609/aaai.v39i28.35191","discovered_unverified"
"KR-0173","KB-2025-0030","published_in","source","C22","https://doi.org/10.1609/aaai.v39i28.35191","discovered_unverified"
"KR-0174","KB-2025-0031","has_category","vocabulary","K2","https://doi.org/10.1609/aaai.v39i28.35192","discovered_unverified"
"KR-0175","KB-2025-0031","published_in","source","C22","https://doi.org/10.1609/aaai.v39i28.35192","discovered_unverified"
"KR-0176","KB-2025-0032","has_category","vocabulary","K2","https://doi.org/10.1609/aaai.v39i28.35193","discovered_unverified"
"KR-0177","KB-2025-0032","published_in","source","C22","https://doi.org/10.1609/aaai.v39i28.35193","discovered_unverified"
"KR-0178","KB-2026-0039","has_category","vocabulary","K4","https://doi.org/10.1609/aaai.v40i47.41499","discovered_unverified"
"KR-0179","KB-2026-0039","published_in","source","C22","https://doi.org/10.1609/aaai.v40i47.41499","discovered_unverified"
"KR-0180","KB-2026-0039","studies_country","vocabulary","NG","https://doi.org/10.1609/aaai.v40i47.41499","discovered_unverified"
"KR-0181","KB-2026-0039","studies_country","vocabulary","US","https://doi.org/10.1609/aaai.v40i47.41499","discovered_unverified"
"KR-0182","KB-2026-0040","has_category","vocabulary","K2","https://doi.org/10.1609/aaai.v40i47.41501","discovered_unverified"
"KR-0183","KB-2026-0040","published_in","source","C22","https://doi.org/10.1609/aaai.v40i47.41501","discovered_unverified"
"KR-0184","KB-2026-0041","has_category","vocabulary","K4","https://doi.org/10.1609/aaai.v40i47.41504","discovered_unverified"
"KR-0185","KB-2026-0041","published_in","source","C22","https://doi.org/10.1609/aaai.v40i47.41504","discovered_unverified"
"KR-0186","KB-2026-0042","has_category","vocabulary","K2","https://doi.org/10.1609/aaai.v40i47.41507","discovered_unverified"
"KR-0187","KB-2026-0042","published_in","source","C22","https://doi.org/10.1609/aaai.v40i47.41507","discovered_unverified"
"KR-0188","KB-2026-0043","has_category","vocabulary","K2","https://doi.org/10.1609/aaai.v40i47.41511","discovered_unverified"
"KR-0189","KB-2026-0043","published_in","source","C22","https://doi.org/10.1609/aaai.v40i47.41511","discovered_unverified"
"KR-0190","KB-2026-0043","studies_country","vocabulary","DE","https://doi.org/10.1609/aaai.v40i47.41511","discovered_unverified"
"KR-0191","KB-2026-0044","has_category","vocabulary","K2","https://doi.org/10.1609/aaai.v40i47.41518","discovered_unverified"
"KR-0192","KB-2026-0044","published_in","source","C22","https://doi.org/10.1609/aaai.v40i47.41518","discovered_unverified"
"KR-0193","KB-2026-0044","studies_country","vocabulary","US","https://doi.org/10.1609/aaai.v40i47.41518","discovered_unverified"
"KR-0194","KB-2026-0045","has_category","vocabulary","K2","https://doi.org/10.1609/aaai.v40i47.41520","discovered_unverified"
"KR-0195","KB-2026-0045","published_in","source","C22","https://doi.org/10.1609/aaai.v40i47.41520","discovered_unverified"
"KR-0196","KB-2026-0046","has_category","vocabulary","K2","https://doi.org/10.1609/aaai.v40i47.41524","discovered_unverified"
"KR-0197","KB-2026-0046","published_in","source","C22","https://doi.org/10.1609/aaai.v40i47.41524","discovered_unverified"
"KR-0198","KB-2026-0047","has_category","vocabulary","K2","https://doi.org/10.1609/aaai.v40i47.41525","discovered_unverified"
"KR-0199","KB-2026-0047","published_in","source","C22","https://doi.org/10.1609/aaai.v40i47.41525","discovered_unverified"
"KR-0200","KB-2026-0048","has_category","vocabulary","K2","https://doi.org/10.1609/aaai.v40i47.41527","discovered_unverified"
"KR-0201","KB-2026-0048","published_in","source","C22","https://doi.org/10.1609/aaai.v40i47.41527","discovered_unverified"
"KR-0202","KB-2026-0049","has_category","vocabulary","K4","https://doi.org/10.1609/aaai.v40i47.41529","discovered_unverified"
"KR-0203","KB-2026-0049","published_in","source","C22","https://doi.org/10.1609/aaai.v40i47.41529","discovered_unverified"
"KR-0204","KB-2026-0050","has_category","vocabulary","K2","https://doi.org/10.1609/aaai.v40i47.41530","discovered_unverified"
"KR-0205","KB-2026-0050","published_in","source","C22","https://doi.org/10.1609/aaai.v40i47.41530","discovered_unverified"
"KR-0206","KB-2026-0051","has_category","vocabulary","K4","https://bmcpsychology.biomedcentral.com/articles/10.1186/s40359-026-05721-w","discovered_unverified"
"KR-0207","KB-2026-0051","studies_country","vocabulary","CN","https://bmcpsychology.biomedcentral.com/articles/10.1186/s40359-026-05721-w","discovered_unverified"
