run_id,searched_on,source_id,query,scope_start,scope_end,coverage_level,status,results_seen,results_screened,results_recorded,notes
"P0-20261009-J04","2026-10-09","J04","site:bera-journals.onlinelibrary.wiley.com/doi 2026 ""AI literacy"" secondary school British Journal of Educational Technology","2025-01-01","2026-10-09","items_screened","partial","","3","0","Publisher DOI page samples: 10.1111/bjet.70024;10.1111/bjet.70069;10.1111/bjet.70051. Search total unknown; only 3 listed samples checked. Research/p0-j04-j07-c03-audit-2026-10-09.md; no KB imports."
"P0-20261009-J05","2026-10-09","J05","site:link.springer.com/article/10.1007/s10639-026 ""AI literacy"" ""secondary"" 2026","2025-01-01","2026-10-09","items_screened","partial","","4","0","Four Springer publisher-page article samples; indexed total unknown. Research/p0-j05-query-audit-2026-10-09.md; no KB imports."
"P0-20261009-J06","2026-10-09","J06","site:onlinelibrary.wiley.com/doi ""Journal of Computer Assisted Learning"" ""AI literacy"" ""2026"" secondary","2026-01-01","2026-10-09","items_screened","partial","","4","0","Four Wiley publisher page samples; prior A08 duplicate detected. Indexed result total unknown. Research/p0-j06-query-audit-2026-10-09.md; no KB imports."
"P0-20261009-J07","2026-10-09","J07","site:link.springer.com/article/10.1007/s11423-026 generative AI secondary students educational technology research development","2026-01-01","2026-10-09","items_screened","partial","","2","0","Two Springer publisher-page samples; one higher-ed exclusion. Indexed total unknown. Research/p0-j04-j07-c03-audit-2026-10-09.md; no KB imports."
"P0-20261009-C03","2026-10-09","C03","site:solaresearch.org publications conference proceedings LAK 2026 2025; LAK 2026 ACM digital library proceedings 2026 learning analytics knowledge","2026-01-01","2026-10-09","items_screened","partial","","2","0","Two ACM DOI samples; short papers and existing KB duplicate. Main and companion proceedings differentiated. Search total unknown. Research/p0-j04-j07-c03-audit-2026-10-09.md; no KB imports."
"P0-20261009-J08","2026-10-09","J08","site:tandfonline.com/doi/full/10.1080/15391523.2026 AI teachers school","2026-01-01","2026-10-09","items_screened","partial","","2","0","Two publisher DOI examples only, total hits unknown; evidence research/p0-j08-j09-audit-2026-10-09.md"
"P0-20261009-J09","2026-10-09","J09","site:link.springer.com/article/10.1007/s10758-026 AI literacy students","2025-01-01","2026-10-09","items_screened","partial","","4","0","Four publisher DOI examples including issue-year misclassification; total hits unknown; evidence research/p0-j08-j09-audit-2026-10-09.md"
"P0-20261009-J12","2026-10-09","J12","site:learning-analytics.info/index.php/JLA/article/view 2026 secondary school generative AI learning analytics; site:learning-analytics.info/index.php/JLA/article/view 2026 AI K-12 learning analytics","2026-01-01","2026-10-09","items_screened","partial","","2","0","Two publisher article sample records including postsecondary exclusion. Search total unknown. See research/p0-j12-j13-c04-audit-2026-10-09.md"
"P0-20261009-J13","2026-10-09","J13","site:tandfonline.com/doi/full/10.1080/08993408 2026 ReVEAL model AI; site:tandfonline.com/doi 2026 Computer Science Education AI literacy teachers","2025-01-01","2026-10-09","items_screened","partial","","2","0","Two publisher pages first online 2025 though 2026 issue. Search total unknown. See research/p0-j12-j13-c04-audit-2026-10-09.md"
"P0-20261009-C04","2026-10-09","C04","site:repository.isls.org 2026 ICLS AI literacy K-12 proceedings paper; site:repository.isls.org/handle/1/11970 artificial intelligence 2026 ICLS","2026-01-01","2026-10-09","items_screened","partial","","1","0","One ISLS repository proceedings item with issue year but no first-online day. Total hits unknown. See research/p0-j12-j13-c04-audit-2026-10-09.md"
